Date,Open,High,Low,Close,Volume,Dividends,Stock Splits,cum_return,middle_band,upper_band,lower_band,Conversion,Baseline,SpanA,SpanB,Lagging
2020-09-25,19.0,20.739999771118164,15.550000190734863,16.5,1945000,0,0,,,,,,,,,14.699999809265137
2020-09-28,15.850000381469728,16.850000381469727,15.850000381469728,16.059999465942383,151900,0,0,0.9733333009662052,,,,,,,,14.970000267028809
2020-09-29,15.93000030517578,17.299999237060547,14.050000190734863,14.300000190734863,324300,0,0,0.8666666782263555,,,,,,,,16.299999237060547
2020-09-30,15.380000114440918,15.380000114440918,12.5,12.710000038146973,191800,0,0,0.7703030326149681,,,,,,,,19.26000022888184
2020-10-01,13.210000038146973,13.510000228881836,12.5,13.479999542236328,228300,0,0,0.8169696692264443,,,,,,,,19.790000915527344
2020-10-02,13.100000381469728,14.0,12.779999732971191,13.050000190734863,381100,0,0,0.7909091024687798,,,,,,,,19.299999237060547
2020-10-05,13.520000457763672,13.520000457763672,12.75,13.149999618530272,172200,0,0,0.7969696738503198,,,,,,,,20.299999237060547
2020-10-06,13.329999923706056,13.34000015258789,13.010000228881836,13.300000190734863,36400,0,0,0.8060606176202951,,,,,,,,27.459999084472656
2020-10-07,13.470000267028809,14.83899974822998,13.350000381469728,14.289999961853027,83800,0,0,0.8660606037486688,,,,16.619999885559082,,,,24.61000061035156
2020-10-08,14.3100004196167,14.850000381469728,13.75,14.479999542236328,171800,0,0,0.8775757298325053,,,,14.899999618530272,,,,25.729999542236328
2020-10-09,14.399999618530272,14.789999961853027,14.100000381469728,14.5,52600,0,0,0.8787878787878795,,,,14.899999618530272,,,,27.01000022888184
2020-10-12,14.56999969482422,14.779999732971191,14.399999618530272,14.550000190734863,29000,0,0,0.8818181933778713,,,,13.94000005722046,,,,27.75
2020-10-13,14.5,15.918999671936035,14.4399995803833,15.470000267028809,144800,0,0,0.9375757737593224,,,,14.209499835968018,,,,27.34000015258789
2020-10-14,15.670000076293944,16.170000076293945,15.5,16.170000076293945,63400,0,0,0.9800000046238764,,,,14.460000038146973,,,,26.76000022888184
2020-10-15,15.75,16.0,15.130000114440918,15.8100004196167,71800,0,0,0.958181843613134,,,,14.460000038146973,,,,27.61000061035156
2020-10-16,15.8100004196167,15.81999969482422,15.020000457763672,15.380000114440918,35600,0,0,0.932121219057026,,,,14.59000015258789,,,,33.93000030517578
2020-10-19,15.300000190734863,16.049999237060547,15.0,15.899999618530272,67600,0,0,0.963636340516987,,,,14.760000228881836,,,,24.84000015258789
2020-10-20,16.299999237060547,16.799999237060547,15.850000381469728,16.309999465942383,280000,0,0,0.988484816117721,,,,15.274999618530272,,,,25.3700008392334
2020-10-21,16.670000076293945,16.670000076293945,15.246000289916992,15.75,78400,0,0,0.9545454545454553,,,,15.449999809265137,,,,23.5
2020-10-22,15.65999984741211,15.670000076293944,14.199999809265137,14.510000228881836,135300,0,0,0.8793939532655665,14.78349995613098,17.143294961274965,12.423704950986998,15.499999523162842,,,,25.88999938964844
2020-10-23,14.630000114440918,15.289999961853027,14.199999809265137,14.75,65500,0,0,0.8939393939393946,14.69599995613098,16.919099959444303,12.47289995281766,15.499999523162842,,,,24.799999237060547
2020-10-26,14.600000381469728,16.639999389648438,14.390000343322754,14.949999809265137,81600,0,0,0.906060594500918,14.64049997329712,16.77745803424567,12.50354191234857,15.499999523162842,,,,24.229999542236328
2020-10-27,15.010000228881836,15.529999732971191,14.789999961853027,15.31999969482422,57000,0,0,0.9284848299893474,14.691499948501589,16.84231023713503,12.540689659868145,15.499999523162842,,,,25.8799991607666
2020-10-28,15.5,15.739999771118164,14.079999923706056,14.5,119400,0,0,0.8787878787878795,14.78099994659424,16.732190063466007,12.829809829722471,15.4399995803833,,,,25.39999961853028
2020-10-29,14.529999732971191,15.43000030517578,13.710000038146973,14.09000015258789,131600,0,0,0.8539394031871456,14.811499977111817,16.69768564823164,12.925314305991996,15.25499963760376,,,,23.440000534057617
2020-10-30,14.0,14.234999656677246,12.720999717712402,13.15999984741211,120900,0,0,0.7975757483280073,14.81699995994568,16.682922334201542,12.951077585689816,14.760499477386476,16.619999885559082,,,23.65999984741211
2020-11-02,12.989999771118164,14.989999771118164,12.736000061035156,14.699999809265137,123500,0,0,0.8909090793494029,14.89449996948242,16.596934618622953,13.192065320341891,14.695499897003174,14.899999618530272,,,20.989999771118164
2020-11-03,14.539999961853027,15.0,13.989999771118164,14.970000267028809,47800,0,0,0.9072727434562922,14.97799997329712,16.513314100446742,13.442685846147498,14.68049955368042,14.899999618530272,,,19.18000030517578
2020-11-04,15.039999961853027,16.43000030517578,14.449999809265137,16.299999237060547,97200,0,0,0.987878741640034,15.078499937057495,16.68287020322932,13.47412967088567,14.68049955368042,14.649999618530272,,,18.61000061035156
2020-11-05,16.549999237060547,20.0,15.869999885559082,19.26000022888184,140600,0,0,1.1672727411443549,15.31749997138977,17.727036343912133,12.907963598867406,16.3604998588562,16.25,,,22.809999465942383
2020-11-06,18.89999961853028,20.68000030517578,18.5,19.790000915527344,116300,0,0,1.1993939948804462,15.582000017166138,18.65320271175995,12.510797322572325,16.700500011444092,16.700500011444092,,,25.8799991607666
2020-11-09,20.25,20.64999961853028,18.975000381469727,19.299999237060547,83300,0,0,1.1696969234582162,15.819499969482422,19.25225751734841,12.386742421616429,16.700500011444092,16.700500011444092,,,24.39999961853028
2020-11-10,19.530000686645508,20.729999542236328,18.299999237060547,20.299999237060547,94800,0,0,1.230302984064277,16.06099991798401,20.008431016139188,12.113568819828831,16.725499629974365,16.725499629974365,,,25.309999465942383
2020-11-11,20.270000457763672,30.25,20.270000457763672,27.459999084472656,397200,0,0,1.6642423687559202,16.625499868392943,22.99442016593532,10.256579570850567,21.4854998588562,21.4854998588562,,,25.51000022888184
2020-11-12,27.90999984741211,28.367000579833984,24.07999992370605,24.61000061035156,150300,0,0,1.4915151885061566,17.06549987792969,24.313660915186134,9.817338840673244,21.493000030517575,21.4854998588562,,,25.290000915527344
2020-11-13,24.600000381469727,26.520000457763672,22.14999961853028,25.729999542236328,108400,0,0,1.559393911650688,17.582999849319457,25.710580480623165,9.45541921801575,22.11999988555908,21.4854998588562,,,33.15999984741211
2020-11-16,25.450000762939453,27.989999771118164,25.01000022888184,27.01000022888184,120200,0,0,1.6369697108413253,18.138499879837035,27.20521238834499,9.071787371329078,22.34999990463257,21.4854998588562,,,27.479999542236328
2020-11-17,27.0,28.530000686645508,26.21999931335449,27.75,66700,0,0,1.6818181818181834,18.71049990653992,28.654576627945147,8.766423185134684,23.05999994277954,21.4854998588562,,,28.18000030517578
2020-11-18,27.8799991607666,28.559999465942383,27.07999992370605,27.34000015258789,51600,0,0,1.656969706217449,19.28999991416931,29.816693361208102,8.763306467130517,24.274999618530277,21.4854998588562,,,25.799999237060547
2020-11-19,27.280000686645508,27.520000457763672,26.239999771118164,26.76000022888184,38100,0,0,1.62181819568981,19.90249991416931,30.67082718555853,9.134172642780094,24.274999618530277,21.4854998588562,,,27.06999969482422
2020-11-20,26.8700008392334,28.0,26.8700008392334,27.61000061035156,23800,0,0,1.6733333703243385,20.54549994468689,31.54224373061202,9.548756158761757,24.274999618530277,21.4854998588562,,,27.96999931335449
2020-11-23,27.746000289916992,37.880001068115234,27.65699958801269,33.93000030517578,380900,0,0,2.0563636548591404,21.494499969482423,33.62616349216838,9.362836446796464,29.075000762939453,25.30050039291382,,,29.020000457763672
2020-11-24,34.119998931884766,34.75899887084961,23.80500030517578,24.84000015258789,272700,0,0,1.505454554702298,21.970499992370605,33.83707702946447,10.10392295527674,30.015000343322757,25.30050039291382,,,28.1200008392334
2020-11-25,25.8799991607666,27.75,25.190000534057617,25.3700008392334,316700,0,0,1.5375758084383893,22.51400003433228,33.94526879256741,11.082731276097142,30.015000343322757,25.30050039291382,,,26.850000381469727
2020-11-27,25.93000030517578,25.93000030517578,23.020000457763672,23.5,71700,0,0,1.4242424242424256,22.98450002670288,33.73750753306678,12.231492520338984,30.450000762939453,25.30050039291382,,,25.780000686645508
2020-11-30,24.100000381469727,26.440000534057617,24.100000381469727,25.88999938964844,110600,0,0,1.569090872099907,23.621000003814697,33.42815449392858,13.813845513700814,30.450000762939453,25.30050039291382,,,25.670000076293945
2020-12-01,25.770000457763672,26.1200008392334,24.15999984741211,24.799999237060547,80400,0,0,1.50303025679155,24.12599997520447,33.03324234805685,15.218757602352085,30.450000762939453,25.30050039291382,,,26.06999969482422
2020-12-02,24.420000076293945,25.82999992370605,21.530000686645508,24.229999542236328,73300,0,0,1.4684848207415973,24.588999938964843,32.43274112342602,16.745258754503666,29.70500087738037,25.30050039291382,,,26.780000686645508
2020-12-03,23.979999542236328,26.0,23.850000381469727,25.8799991607666,43100,0,0,1.56848479762222,25.067999935150148,31.926681278458027,18.20931859184227,29.70500087738037,25.30050039291382,,,27.290000915527344
2020-12-04,26.059999465942383,26.059999465942383,24.90999984741211,25.39999961853028,53300,0,0,1.539393916274564,25.374999904632567,31.688655224064632,19.0613445852005,29.70500087738037,25.30050039291382,,,29.479999542236328
2020-12-07,25.5,25.6299991607666,22.809999465942383,23.440000534057617,91100,0,0,1.4206060929731903,25.55749988555908,31.403683698479803,19.71131607263836,28.14449977874756,25.30050039291382,,,29.920000076293945
2020-12-08,23.07999992370605,24.690000534057617,23.065000534057617,23.65999984741211,51800,0,0,1.4339393846916446,25.77549991607666,30.952050695272348,20.59894913688097,24.640000343322757,25.308000564575195,15.690249681472778,,32.060001373291016
2020-12-09,23.799999237060547,24.12700080871582,20.68000030517578,20.989999771118164,85100,0,0,1.2721211982495872,25.80999994277954,30.8459054172735,20.774094468285583,23.5600004196167,25.9350004196167,14.797749757766724,,31.8799991607666
2020-12-10,20.989999771118164,22.200000762939453,18.61000061035156,19.18000030517578,143100,0,0,1.1624242609197457,25.3960000038147,31.14094700500976,19.65105300261964,22.52500057220459,26.165000438690186,14.790249586105348,,30.780000686645508
2020-12-11,19.25,19.489999771118164,18.100000381469727,18.61000061035156,123300,0,0,1.1278788248697929,25.096000003814694,31.563329104046502,18.628670903582893,22.11000061035156,26.87500047683716,14.665249586105348,,29.82999992370605
2020-12-14,18.709999084472656,23.663000106811523,18.709999084472656,22.809999465942383,125400,0,0,1.3824242100571158,24.95,31.485707961351167,18.41429203864883,22.07999992370605,27.99000072479248,16.3052499294281,,35.0
2020-12-15,23.13999938964844,26.46999931335449,22.86000061035156,25.8799991607666,171800,0,0,1.56848479762222,24.89349994659424,31.37573965704197,18.41126023614651,22.28499984741211,27.99000072479248,16.700500011444092,,32.0099983215332
2020-12-16,25.799999237060547,26.239999771118164,24.155000686645508,24.39999961853028,91400,0,0,1.4787878556685032,24.725999927520757,31.07465617038566,18.377343684655848,22.28499984741211,27.99000072479248,16.700500011444092,,32.41999816894531
2020-12-17,24.39999961853028,26.07999992370605,23.790000915527344,25.309999465942383,114600,0,0,1.5339393615722674,24.62449989318848,30.865587430875983,18.383412355500973,22.28499984741211,27.99000072479248,16.725499629974365,,34.08000183105469
2020-12-18,25.68000030517578,26.739999771118164,24.3799991607666,25.51000022888184,1030800,0,0,1.5460606199322346,24.56199989318848,30.740337811331397,18.383661975045563,22.420000076293945,27.99000072479248,21.4854998588562,,31.32999992370605
2020-12-21,24.6299991607666,25.395000457763672,22.89999961853028,25.290000915527344,105200,0,0,1.5327273282137803,24.445999908447263,30.47478097437109,18.417218842523443,22.420000076293945,27.99000072479248,21.48924994468689,,30.64999961853028
2020-12-22,25.940000534057617,35.0,25.882999420166016,33.15999984741211,321900,0,0,2.0096969604492214,24.407499885559083,30.1960259136398,18.61897385747837,26.550000190734863,27.99000072479248,21.80274987220764,,31.15999984741211
2020-12-23,33.380001068115234,33.435001373291016,27.36000061035156,27.479999542236328,171200,0,0,1.6654545177112947,24.539499855041505,30.481509093269597,18.597490616813417,26.550000190734863,27.99000072479248,21.917749881744385,,30.920000076293945
2020-12-24,28.459999084472656,28.459999084472656,27.677000045776367,28.18000030517578,28900,0,0,1.7078788063742918,24.679999828338623,30.82555580066793,18.534443856009315,26.854999542236328,27.99000072479248,22.27274990081787,,30.64999961853028
2020-12-28,28.520000457763672,28.520000457763672,25.299999237060547,25.799999237060547,71900,0,0,1.5636363173976109,24.79499979019165,30.9339310323113,18.656068548072,28.93000030517578,27.99000072479248,22.88024973869324,,31.64999961853028
2020-12-29,25.809999465942383,27.48500061035156,25.0,27.06999969482422,58500,0,0,1.6406060421105606,24.85399980545044,31.056936779796587,18.65106283110429,28.949999809265137,27.99000072479248,22.88024973869324,,31.020000457763672
2020-12-30,27.959999084472656,28.39999961853028,27.1299991607666,27.96999931335449,45300,0,0,1.6951514735366375,25.012499809265137,31.363672739845395,18.66132687868488,28.949999809265137,27.99000072479248,22.88024973869324,,31.239999771118164
2020-12-31,27.650999069213867,29.975000381469727,27.552000045776367,29.020000457763672,38400,0,0,1.7587879065311338,25.251999855041504,31.826862449715524,18.677137260367484,28.949999809265137,26.550000190734863,27.18775057792664,,31.76000022888184
2021-01-04,29.030000686645508,30.489999771118164,26.78700065612793,28.1200008392334,72100,0,0,1.7042424751050569,25.363999938964845,32.05439962369248,18.67360025423721,28.949999809265137,26.550000190734863,27.65775036811829,,30.84000015258789
2021-01-05,28.190000534057617,28.270000457763672,26.39999961853028,26.850000381469727,29000,0,0,1.6272727503921067,25.43649997711181,32.158583357333896,18.71441659688973,30.0,26.550000190734863,27.65775036811829,,29.90999984741211
2021-01-06,26.93000030517578,27.75,25.1299991607666,25.780000686645508,38000,0,0,1.5624242840391238,25.55349998474121,32.21300275518411,18.893997214298317,29.217500686645508,26.550000190734863,27.87525057792664,,29.299999237060547
2021-01-07,26.51000022888184,26.920000076293945,25.0,25.670000076293945,45200,0,0,1.5557575803814534,25.653999996185306,32.255966328903426,19.05203366346718,27.74499988555908,26.550000190734863,27.87525057792664,,27.32999992370605
2021-01-08,26.059999465942383,26.690000534057617,25.0,26.06999969482422,33900,0,0,1.5799999815045005,25.907999992370605,32.14994306945236,19.66605691528885,27.74499988555908,26.550000190734863,27.87525057792664,,26.729999542236328
2021-01-11,25.729999542236328,26.989999771118164,25.729999542236328,26.780000686645508,15300,0,0,1.6230303446451844,26.28800001144409,31.708273747590813,20.86772627529737,27.74499988555908,26.550000190734863,27.50275063514709,,24.93000030517578
2021-01-12,27.209999084472656,27.88999938964844,26.170000076293945,27.290000915527344,43600,0,0,1.6539394494259017,26.72200002670288,30.83311746804428,22.61088258536148,27.74499988555908,26.550000190734863,27.50275063514709,,23.43000030517578
2021-01-13,27.290000915527344,29.89999961853028,27.0939998626709,29.479999542236328,52400,0,0,1.786666638923416,27.055500030517575,30.914934839135515,23.19606522189964,27.74499988555908,26.550000190734863,27.50275063514709,,21.520000457763672
2021-01-14,29.809999465942383,30.5,28.729999542236328,29.920000076293945,37100,0,0,1.813333337957211,27.257500076293944,31.2712123014225,23.243787851165383,27.75,26.550000190734863,26.72250008583069,,20.89999961853028
2021-01-15,29.89999961853028,34.0,29.06999969482422,32.060001373291016,82300,0,0,1.943030386260064,27.640500164031984,31.94504060659997,23.335959721464,29.5,26.550000190734863,24.97400045394897,25.190000534057617,21.530000686645508
2021-01-19,32.5,32.790000915527344,30.989999771118164,31.8799991607666,32000,0,0,1.9321211612585845,27.969000148773198,32.510869623707954,23.427130673838438,29.5,26.550000190734863,24.7475004196167,25.190000534057617,20.6299991607666
2021-01-20,32.2599983215332,32.790000915527344,29.420000076293945,30.780000686645508,36900,0,0,1.8654545870694272,28.23250017166138,32.78473908555952,23.68026125776323,29.5,26.550000190734863,24.345000505447388,25.190000534057617,20.07999992370605
2021-01-21,31.0,31.0,29.25,29.82999992370605,20000,0,0,1.8078787832549144,28.459500122070317,32.85038590221097,24.06861434192966,29.5,26.854999542236328,24.49250054359436,25.190000534057617,19.280000686645508
2021-01-22,29.540000915527344,35.0,29.36199951171875,35.0,34900,0,0,2.121212121212124,28.551500129699708,33.39170935464521,23.711290904754204,30.364999771118164,28.93000030517578,25.035000324249268,25.190000534057617,18.64999961853028
2021-01-25,34.189998626708984,34.310001373291016,31.420000076293945,32.0099983215332,31200,0,0,1.939999898274742,28.77800006866455,33.81848260419357,23.73751753313553,30.585000038146973,28.949999809265137,25.13750028610229,25.30050039291382,17.90999984741211
2021-01-26,32.529998779296875,33.79999923706055,32.32099914550781,32.41999816894531,32300,0,0,1.964848373875476,28.989999961853027,34.26582104798384,23.71417887572221,31.04699993133545,28.949999809265137,25.13750028610229,25.30050039291382,16.219999313354492
2021-01-27,32.0,35.18000030517578,29.983999252319336,34.08000183105469,117800,0,0,2.0654546564275598,29.40400009155273,34.91054583914811,23.897454343957364,31.95499992370605,29.039999961853027,25.13750028610229,25.30050039291382,15.850000381469728
2021-01-28,34.0,35.18000030517578,30.600000381469727,31.32999992370605,61100,0,0,1.8987878741640052,29.617000102996823,35.07476167532926,24.15923853066439,32.125,29.039999961853027,25.205000400543213,25.30050039291382,14.75
2021-01-29,31.39999961853028,31.53499984741211,30.51000022888184,30.64999961853028,41100,0,0,1.8575757344563824,29.75100011825561,35.17150226557383,24.3304979709374,32.21500015258789,30.09000015258789,25.205000400543213,25.30050039291382,7.199999809265137
2021-02-01,30.84000015258789,31.690000534057617,29.14999961853028,31.15999984741211,155300,0,0,1.8884848392371,29.85800008773804,35.30124424053924,24.414755934936835,32.16499996185303,30.09000015258789,27.270000457763672,25.30050039291382,7.409999847412109
2021-02-02,31.46999931335449,31.5,30.299999237060547,30.920000076293945,37900,0,0,1.873939398563272,29.998000049591063,35.39864306352628,24.597357035655847,32.16499996185303,30.09000015258789,27.270000457763672,25.30050039291382,8.0
2021-02-03,30.950000762939453,31.559999465942383,30.479999542236328,30.64999961853028,22300,0,0,1.8575757344563824,30.188000011444093,35.39407701926972,24.981923003618466,32.16499996185303,30.09000015258789,27.422500133514404,25.30050039291382,8.25
2021-02-04,30.64999961853028,32.0,29.56999969482422,31.64999961853028,114300,0,0,1.9181817950624436,30.48149995803833,35.304199531248,25.658800384828652,32.16499996185303,30.09000015258789,28.46000051498413,25.30050039291382,8.489999771118164
2021-02-05,31.559999465942383,31.75,30.864999771118164,31.020000457763672,15300,0,0,1.8800000277432551,30.74899997711181,35.03232934664673,26.465670607576897,32.16499996185303,30.09000015258789,28.47000026702881,25.30050039291382,8.109999656677246
2021-02-08,30.63999938964844,31.549999237060547,30.5,31.239999771118164,25900,0,0,1.893333319461709,31.007499980926514,34.708702001506104,27.306297960346924,32.16499996185303,30.09000015258789,28.47000026702881,25.30050039291382,7.820000171661377
2021-02-09,31.299999237060547,32.0,31.049999237060547,31.76000022888184,29400,0,0,1.9248484987201135,31.25649995803833,34.4107334302343,28.10226648584236,32.16499996185303,30.09000015258789,27.75,25.30050039291382,7.46999979019165
2021-02-10,31.989999771118164,31.989999771118164,30.600000381469727,30.84000015258789,23500,0,0,1.8690909183386624,31.43399991989136,34.01775460417994,28.850245235602767,30.574999809265137,30.09000015258789,27.75,25.30050039291382,7.659999847412109
2021-02-11,31.0,31.14999961853028,29.14999961853028,29.90999984741211,34000,0,0,1.812727263479524,31.455499935150147,33.9796901666962,28.93130970360409,30.574999809265137,30.09000015258789,28.27500009536743,25.30050039291382,7.449999809265137
2021-02-12,29.6299991607666,30.200000762939453,29.01000022888184,29.299999237060547,19900,0,0,1.775757529518823,31.424499893188475,34.03799283641942,28.811006949957527,30.50500011444092,30.09000015258789,27.883750438690186,25.30050039291382,7.139999866485596
2021-02-16,29.190000534057617,29.450000762939453,27.200000762939453,27.32999992370605,41800,0,0,1.6563636317397623,31.18799982070923,34.336364901702346,28.03963473971612,29.600000381469727,30.09000015258789,27.147500038146973,25.30050039291382,6.079999923706055
2021-02-17,27.96999931335449,28.0049991607666,25.850000381469727,26.729999542236328,61700,0,0,1.6199999722567489,30.93049983978272,34.6136397389703,27.24735994059513,28.925000190734863,30.45499992370605,27.147500038146973,25.30050039291382,6.159999847412109
2021-02-18,26.43000030517578,26.6299991607666,24.82999992370605,24.93000030517578,45500,0,0,1.5109091094045946,30.63799982070923,35.165140367332214,26.110859274086245,28.414999961853027,30.00500011444092,27.147500038146973,25.30050039291382,5.889999866485596
2021-02-19,24.96999931335449,25.96999931335449,22.530000686645508,23.43000030517578,56300,0,0,1.4200000184955035,30.317999839782715,35.83648889136374,24.799510788201687,27.265000343322757,28.855000495910645,27.147500038146973,25.30050039291382,5.670000076293945
2021-02-22,23.36000061035156,23.854999542236328,21.489999771118164,21.520000457763672,72000,0,0,1.3042424519856786,29.6439998626709,35.955492442524964,23.332507282816835,26.74499988555908,28.335000038146973,27.147500038146973,25.30050039291382,5.559999942779541
2021-02-23,21.229999542236328,21.229999542236328,19.96999931335449,20.89999961853028,60600,0,0,1.266666643547291,29.08849992752075,36.36271251952007,21.814287335521428,25.979999542236328,27.574999809265137,27.15000009536743,25.30050039291382,5.550000190734863
2021-02-24,21.270000457763672,22.29899978637696,20.270000457763672,21.530000686645508,33800,0,0,1.3048485264633656,28.54400005340576,36.355687300155886,20.732312806655635,25.559999465942383,27.574999809265137,28.02500009536743,25.308000564575195,5.519999980926514
2021-02-25,22.200000762939453,22.200000762939453,20.559999465942383,20.6299991607666,37400,0,0,1.2503029794404017,27.87149991989136,35.97461506618699,19.76838477359572,25.085000038146973,27.574999809265137,28.02500009536743,25.9350004196167,5.639999866485596
2021-02-26,20.64999961853028,21.190000534057617,19.46999931335449,20.07999992370605,34800,0,0,1.2169696923458226,27.30899991989136,35.9250879780064,18.692911861776317,24.460000038146973,27.324999809265137,28.02500009536743,26.165000438690186,5.840000152587891
2021-03-01,20.280000686645508,20.952999114990234,18.809999465942383,19.280000686645508,81200,0,0,1.1684848900997291,26.74049997329712,35.88966751588361,17.59133243071063,23.40749931335449,26.99499988555908,28.177499771118164,26.87500047683716,5.449999809265137
2021-03-02,19.5,20.35099983215332,18.15999984741211,18.64999961853028,56200,0,0,1.1303030071836544,26.114999961853027,35.675885185345805,16.55411473836025,22.394999504089355,26.670000076293945,29.647500038146973,27.99000072479248,5.360000133514404
2021-03-03,18.450000762939453,18.770000457763672,17.6299991607666,17.90999984741211,48400,0,0,1.0854545362067956,25.464499950408936,35.396420459864764,15.532579440953104,21.799999237060547,26.40499973297119,29.76749992370605,27.99000072479248,5.329999923706055
2021-03-04,17.850000381469727,17.850000381469727,16.010000228881836,16.219999313354492,100500,0,0,0.9830302614154248,24.742999935150145,35.15359637919861,14.33240349110168,19.93249988555908,25.59500026702881,29.998499870300293,27.99000072479248,4.75
2021-03-05,16.200000762939453,16.649999618530273,15.31999969482422,15.850000381469728,58800,0,0,0.960606083725439,23.95299997329712,34.54550920813772,13.360490738456514,18.80949974060059,25.25,30.49749994277954,27.99000072479248,4.710000038146973
2021-03-08,16.0,16.81999969482422,14.5,14.75,85300,0,0,0.8939393939393948,23.139499950408936,33.935414748387515,12.343585152430355,18.39949989318848,23.25,30.582499980926517,27.99000072479248,4.800000190734863
2021-03-09,11.0,11.0,7.0,7.199999809265137,4227100,0,0,0.4363636248039481,21.937499952316283,34.1363446511594,9.738655253473173,14.600000381469728,19.5,31.15250015258789,27.99000072479248,4.679999828338623
2021-03-10,7.550000190734863,8.0,7.349999904632568,7.409999847412109,3037300,0,0,0.4490908998431586,20.7199999332428,33.60339497453984,7.836604891945758,14.095000267028809,19.5,31.12750005722046,27.99000072479248,4.75
2021-03-11,7.550000190734863,8.5,7.210000038146973,8.0,3033600,0,0,0.4848484848484853,19.577999925613405,32.7201048380218,6.435895013205014,13.976499557495115,19.5,31.12750005722046,27.99000072479248,4.980000019073486
2021-03-12,7.53000020980835,8.300000190734863,7.519999980926514,8.25,1004100,0,0,0.5000000000000004,18.4949999332428,31.62260107334266,5.367398793142936,13.67549991607666,19.5,31.12750005722046,27.99000072479248,4.519999980926514
2021-03-15,8.34000015258789,8.720000267028809,8.109999656677246,8.489999771118164,890200,0,0,0.5145454406738286,17.45449995994568,30.283759331062647,4.625240588828712,12.885000228881836,19.5,31.12750005722046,27.99000072479248,4.710000038146973
2021-03-16,8.630000114440918,8.64900016784668,7.75,8.109999656677246,850100,0,0,0.4915151307077123,16.493499946594238,29.09476430083536,3.892235592353117,12.425000190734863,19.5,31.12750005722046,27.99000072479248,4.809999942779541
2021-03-17,7.960000038146973,8.09000015258789,7.599999904632568,7.820000171661377,608200,0,0,0.4739394043431142,15.54799997806549,27.762780293611968,3.333219662519012,11.90999984741211,19.5,31.12750005722046,27.99000072479248,4.679999828338623
2021-03-18,7.699999809265137,7.889999866485596,7.364999771118164,7.46999979019165,554600,0,0,0.4527272600116156,14.674999952316284,26.571030825411317,2.778969079221256,11.90999984741211,19.49499988555908,31.12750005722046,26.640000343322757,4.900000095367432
2021-03-19,7.550000190734863,7.739999771118164,7.360000133514404,7.659999847412109,457500,0,0,0.4642424149946738,13.8864999294281,25.438701294882765,2.3342985639734373,9.0,19.074999809265137,30.332499980926517,26.640000343322757,4.889999866485596
2021-03-22,7.679999828338623,7.769999980926514,7.400000095367432,7.449999809265137,415000,0,0,0.4515151399554633,13.182999897003176,24.49877655096988,1.86722324303647,7.965000152587891,18.600000381469727,30.332499980926517,26.640000343322757,4.989999771118164
2021-03-23,7.480000019073486,7.619999885559082,7.070000171661377,7.139999866485596,535000,0,0,0.4327272646354911,12.49499990940094,23.51658863099956,1.4734111878023235,7.895000219345093,18.225000381469727,30.297500133514404,26.640000343322757,4.860000133514404
2021-03-24,7.199999809265137,7.269999980926514,6.010000228881836,6.079999923706055,1352100,0,0,0.3684848438609734,11.722499871253968,22.25235411932173,1.1926456231862037,7.365000247955322,17.00749969482422,29.84500026702881,26.640000343322757,4.739999771118164
2021-03-25,5.920000076293945,6.380000114440918,5.71999979019165,6.159999847412109,500800,0,0,0.3733333240855828,10.998999905586242,20.947602690250974,1.050397120921506,7.220000028610229,16.174999475479126,29.69000005722046,26.640000343322757,4.610000133514404
2021-03-26,6.25,6.400000095367432,5.809999942779541,5.889999866485596,825600,0,0,0.3569696888779153,10.28949990272522,19.538454036362545,1.0405457690878936,7.184499979019165,15.84499955177307,29.210000038146973,26.640000343322757,4.400000095367432
2021-03-29,5.954999923706055,6.150000095367432,5.630000114440918,5.670000076293945,872600,0,0,0.3436363682602396,9.608999872207642,18.073185474188783,1.1448142702264992,6.860000133514404,14.742499828338625,28.0600004196167,26.640000343322757,4.340000152587891
2021-03-30,5.550000190734863,5.730000019073486,5.119999885559082,5.559999942779541,1359800,0,0,0.3369696935017908,8.954499888420106,16.484312098811422,1.4246876780287892,6.504999876022339,13.70949983596802,27.539999961853027,26.640000343322757,4.269999980926514
2021-03-31,5.590000152587891,5.769999980926514,5.329999923706055,5.550000190734863,737100,0,0,0.3363636479233255,8.336499905586242,14.761557019202655,1.9114427919698305,6.444999933242798,13.70949983596802,26.77749967575073,26.640000343322757,4.380000114440918
2021-04-01,5.599999904632568,5.739999771118164,5.28000020980835,5.519999980926514,1306600,0,0,0.3345454533894861,7.801499938964843,13.20167037534397,2.401329502585717,6.444999933242798,13.660000324249268,26.56749963760376,26.640000343322757,4.260000228881836
2021-04-05,5.539999961853027,5.800000190734863,5.349999904632568,5.639999866485596,844800,0,0,0.3418181737264001,7.290999913215638,11.285387372724609,3.296612453706666,6.369999885559082,13.15500020980835,26.32999992370605,26.640000343322757,4.730000019073486
2021-04-06,5.579999923706055,6.28000020980835,5.380000114440918,5.840000152587891,2826500,0,0,0.3539394031871453,6.845499920845032,8.926148272999416,4.764851568690647,6.194999933242798,13.036499500274658,25.89249992370605,26.640000343322757,4.110000133514404
2021-04-07,5.820000171661377,5.97599983215332,5.329999923706055,5.449999809265137,1392700,0,0,0.330303018743342,6.757999920845032,8.918202701791778,4.597797139898287,5.759999990463257,12.7354998588562,25.201249599456787,26.94499969482422,3.609999895095825
2021-04-08,5.510000228881836,5.519999980926514,5.21999979019165,5.360000133514404,722600,0,0,0.3248484929402673,6.6554999351501465,8.87658058761425,4.434419282686044,5.759999990463257,11.945000171661375,24.53249979019165,26.670000076293945,3.619999885559082
2021-04-09,5.320000171661377,5.400000095367432,5.119999885559082,5.329999923706055,750000,0,0,0.323030298406428,6.521999931335449,8.724469620697898,4.319530241973,5.700000047683716,11.485000133514404,24.10249948501587,26.40499973297119,3.660000085830689
2021-04-12,5.289999961853027,5.324999809265137,4.619999885559082,4.75,1118000,0,0,0.2878787878787883,6.346999931335449,8.528322640540429,4.165677222130469,5.450000047683716,10.71999979019165,22.763750076293945,25.59500026702881,3.670000076293945
2021-04-13,4.599999904632568,4.980000019073486,4.460000038146973,4.710000038146973,1217100,0,0,0.2854545477664836,6.15799994468689,8.21396611267746,4.10203377669632,5.370000123977661,10.639999866485596,22.029749870300293,25.25,3.7300000190734863
2021-04-14,4.650000095367432,4.928999900817871,4.619999885559082,4.800000190734863,412200,0,0,0.29090910246878,5.992499971389771,7.92089406893979,4.064105873839751,5.370000123977661,7.730000019073486,20.82474994659424,24.84000015258789,3.7699999809265137
2021-04-15,4.840000152587891,4.889999866485596,4.610000133514404,4.679999828338623,297000,0,0,0.2836363532326442,5.835499954223633,7.64990556955893,4.021094338888336,5.370000123977661,6.590000152587891,17.050000190734863,21.09000015258789,3.640000104904175
2021-04-16,4.71999979019165,4.829999923706055,4.440000057220459,4.75,510700,0,0,0.2878787878787883,5.69949996471405,7.406939102561958,3.992060826866142,5.360000133514404,6.580000162124634,16.797500133514404,21.09000015258789,3.5799999237060547
2021-04-19,4.71999979019165,5.420000076293945,4.610000133514404,4.980000019073486,1035000,0,0,0.3018181829741511,5.565499973297119,7.038687091557918,4.092312855036321,5.20799994468689,6.580000162124634,16.73824977874756,21.09000015258789,3.5299999713897705
2021-04-20,5.0,5.070000171661377,4.400000095367432,4.519999980926514,625000,0,0,0.2739393927834255,5.418999981880188,6.6785456457007335,4.159454318059643,4.960000038146973,6.56000018119812,16.58774995803833,21.09000015258789,3.7100000381469727
2021-04-21,4.460000038146973,4.800000190734863,4.460000038146973,4.710000038146973,308300,0,0,0.2854545477664836,5.2974999904632565,6.312164296820471,4.282835684106042,4.9100000858306885,6.524500131607056,16.192500114440918,21.09000015258789,3.849999904632568
2021-04-22,4.710000038146973,4.949999809265137,4.590000152587891,4.809999942779541,395000,0,0,0.2915151480472454,5.233999991416932,6.202239542968068,4.265760439865795,4.9100000858306885,6.245000123977661,15.962500095367432,21.09000015258789,3.9800000190734863
2021-04-23,4.800000190734863,5.039999961853027,4.659999847412109,4.679999828338623,647000,0,0,0.2836363532326443,5.159999990463257,6.0566753449170285,4.263324636009486,4.9100000858306885,6.144999980926514,15.704999923706056,21.09000015258789,4.070000171661377
2021-04-26,4.650000095367432,5.21999979019165,4.650000095367432,4.900000095367432,610500,0,0,0.2969697027495418,5.110500001907349,5.947183731981877,4.273816271832821,4.9100000858306885,6.085000038146973,15.702499866485596,21.09000015258789,4.070000171661377
2021-04-27,4.920000076293945,5.130000114440918,4.800000190734863,4.889999866485596,430300,0,0,0.2963636282718548,5.071499991416931,5.871766266906857,4.271233715927005,4.9100000858306885,6.085000038146973,14.037499904632568,21.09000015258789,4.489999771118164
2021-04-28,4.929999828338623,5.039999961853027,4.739999771118164,4.989999771118164,268400,0,0,0.3024242285526165,5.042999982833862,5.811267919543647,4.274732046124077,4.9100000858306885,6.009999990463257,13.282500267028809,21.09000015258789,4.21999979019165
2021-04-29,5.070000171661377,5.070000171661377,4.75,4.860000133514404,231300,0,0,0.2945454626372371,5.008499979972839,5.743497237685866,4.2735027222598125,4.9100000858306885,5.835000038146973,13.06000030040741,21.09000015258789,4.329999923706055
2021-04-30,4.829999923706055,4.875,4.699999809265137,4.739999771118164,271000,0,0,0.2872727134011013,4.969499969482422,5.673593281043148,4.265406657921696,4.809999942779541,5.400000095367432,12.18624997138977,20.59500026702881,4.820000171661377
2021-05-03,4.800000190734863,4.800000190734863,4.539999961853027,4.610000133514404,272700,0,0,0.2793939474857219,4.917999982833862,5.566270687315295,4.26972927835243,4.839999914169312,5.400000095367432,11.697499752044678,20.45000004768372,4.519999980926514
2021-05-04,4.579999923706055,4.610000133514404,4.320000171661377,4.400000095367432,277800,0,0,0.2666666724465114,4.84599997997284,5.376722190661149,4.31527776928453,4.769999980926514,5.300000190734863,11.514749765396118,20.45000004768372,5.53000020980835
2021-05-05,4.489999771118164,4.489999771118164,4.320000171661377,4.340000152587891,296000,0,0,0.2630303122780544,4.790499997138977,5.2877082286920425,4.293291765585912,4.769999980926514,5.300000190734863,10.801249980926514,20.40500020980835,5.869999885559082
2021-05-06,4.349999904632568,4.579999923706055,3.9600000381469727,4.269999980926514,2105500,0,0,0.2587878776319103,4.735999989509582,5.209715081831511,4.262284897187653,4.589999914169312,5.120000123977661,10.107249855995178,20.15000009536743,5.059999942779541
2021-05-07,4.300000190734863,4.489999771118164,4.230000019073486,4.380000114440918,610900,0,0,0.2654545523903591,4.688499999046326,5.100285319545137,4.276714678547514,4.545000076293945,5.120000123977661,10.077249884605408,20.15000009536743,5.139999866485596
2021-05-10,4.5,4.5,4.03000020980835,4.260000228881836,729100,0,0,0.258181832053445,4.664000010490417,5.115109266678079,4.212890754302755,4.515000104904175,5.120000123977661,10.052500128746033,20.15000009536743,4.869999885559082
2021-05-11,4.079999923706055,4.960000038146973,3.950000047683716,4.730000019073486,1813800,0,0,0.286666667822636,4.665000009536743,5.116606499051784,4.213393520021702,4.510000109672546,5.115000128746033,9.762500047683716,20.15000009536743,5.739999771118164
2021-05-12,4.349999904632568,4.630000114440918,4.014999866485596,4.110000133514404,1735800,0,0,0.2490909171826915,4.63050000667572,5.138170935437922,4.122829077913518,4.455000042915344,4.962999939918518,9.615749716758728,20.15000009536743,5.050000190734863
2021-05-13,3.940000057220459,4.039999961853027,3.5999999046325684,3.609999895095825,972300,0,0,0.2187878724300503,4.57700001001358,5.252443778230008,3.901556241797152,4.2799999713897705,4.559999942779541,9.247749924659727,20.15000009536743,5.070000171661377
2021-05-14,3.609999895095825,3.7699999809265137,3.430000066757202,3.619999885559082,1228700,0,0,0.2193939324581265,4.520500004291534,5.309448191341818,3.7315518172412503,4.195000052452087,4.425000071525574,8.852500081062317,20.15000009536743,4.980000019073486
2021-05-17,3.569999933242798,3.7100000381469727,3.5,3.660000085830689,266600,0,0,0.2218181870200421,4.454500007629394,5.298210501682348,3.610789513576441,4.195000052452087,4.425000071525574,8.59250009059906,20.15000009536743,5.090000152587891
2021-05-18,3.640000104904175,3.839999914169312,3.609999895095825,3.670000076293945,261600,0,0,0.2224242470481183,4.412000012397766,5.322006265367377,3.501993759428155,4.195000052452087,4.425000071525574,8.084999918937683,19.90000009536743,5.099999904632568
2021-05-19,3.609999895095825,3.75,3.5299999713897705,3.7300000190734863,245500,0,0,0.2260606072165753,4.363000011444091,5.308774920887349,3.4172251020008337,4.195000052452087,4.425000071525574,8.004999995231628,19.820000171661377,5.199999809265137
2021-05-20,3.7300000190734863,3.819999933242798,3.650000095367432,3.7699999809265137,228000,0,0,0.22848484732888,4.311000013351441,5.26716748969204,3.354832537010841,4.195000052452087,4.425000071525574,6.550000071525574,18.230000019073486,6.099999904632568
2021-05-21,3.799999952316284,3.815999984741211,3.630000114440918,3.640000104904175,244500,0,0,0.2206060669638898,4.259000027179718,5.24227288582581,3.2757271685336278,4.195000052452087,4.425000071525574,5.980000138282776,18.230000019073486,6.079999923706055
2021-05-24,3.660000085830689,3.757999897003174,3.450000047683716,3.5799999237060547,371400,0,0,0.2169696923458219,4.193000018596649,5.172465483918215,3.213534553275083,4.03000009059906,4.425000071525574,5.970000147819519,18.22000002861023,5.429999828338623
2021-05-25,3.569999933242798,3.619999885559082,3.509999990463257,3.5299999713897705,160600,0,0,0.2139393922054411,4.125000023841858,5.090041438695066,3.15995860898865,3.7350000143051143,4.324999928474426,5.894000053405762,18.22000002861023,5.170000076293945
2021-05-26,3.5,3.7699999809265137,3.5,3.7100000381469727,1302400,0,0,0.2248484871604231,4.061000037193298,4.954465496383153,3.167534578003443,3.634999990463257,4.324999928474426,5.760000109672546,18.20000004768372,4.809999942779541
2021-05-27,3.75,4.179999828338623,3.7100000381469727,3.849999904632568,885700,0,0,0.2333333275534894,4.010500025749207,4.827746343296029,3.193253708202384,3.8149999380111694,4.324999928474426,5.717250108718872,18.20000004768372,4.670000076293945
2021-05-28,3.829999923706055,4.079999923706055,3.819999933242798,3.9800000190734863,433700,0,0,0.2412121223680906,3.972500038146973,4.717242446333242,3.227757629960703,3.8149999380111694,4.324999928474426,5.577500104904175,18.20000004768372,4.28000020980835
2021-06-01,4.019999980926514,4.150000095367432,3.849999904632568,4.070000171661377,275800,0,0,0.246666677070387,3.945500040054321,4.632118064151524,3.258882015957118,3.8149999380111694,4.324999928474426,5.527500033378601,18.20000004768372,4.510000228881836
2021-06-02,4.070000171661377,4.150000095367432,3.900000095367432,4.070000171661377,324400,0,0,0.246666677070387,3.9290000438690185,4.58604725949581,3.271952828242226,3.8149999380111694,4.28000009059906,5.497500061988831,18.1949999332428,4.590000152587891
2021-06-03,4.03000020980835,4.900000095367432,3.9600000381469727,4.489999771118164,2974700,0,0,0.2721211982495863,3.936500024795533,4.615442383822243,3.2575576657688217,4.175000071525574,4.2500001192092896,5.497500061988831,17.774999856948853,4.619999885559082
2021-06-04,4.489999771118164,4.550000190734863,4.130000114440918,4.21999979019165,959400,0,0,0.2557575630419188,3.934000015258789,4.608314397992423,3.259685632525155,4.175000071525574,4.2500001192092896,5.460000038146973,17.300000429153442,4.239999771118164
2021-06-07,4.179999828338623,4.429999828338623,4.070000171661377,4.329999923706055,584000,0,0,0.2624242378003676,3.9315000057220457,4.599453898961539,3.2635461124825533,4.200000047683716,4.195000052452087,5.372500061988831,16.925000429153442,4.239999771118164
2021-06-08,4.400000095367432,5.090000152587891,4.309999942779541,4.820000171661377,4216900,0,0,0.2921212225249326,3.959500002861023,4.721594664485037,3.1974053412370083,4.295000076293945,4.260000109672546,5.105000019073486,16.202499628067017,4.320000171661377
2021-06-09,5.0,5.03000020980835,4.429999828338623,4.519999980926514,1808900,0,0,0.2739393927834258,3.9490000009536734,4.672759944244243,3.2252400576631057,4.400000095367432,4.260000109672546,5.120000004768372,15.514999628067017,4.269999980926514
2021-06-10,4.599999904632568,5.949999809265137,4.5,5.53000020980835,20253500,0,0,0.3351515278671735,4.020000004768372,5.021792301187211,3.018207708349533,4.884999871253967,4.689999938011169,5.0350000858306885,15.144999742507933,4.28000020980835
2021-06-11,6.570000171661377,6.96999979019165,5.0,5.869999885559082,24035500,0,0,0.3557575688217635,4.133000004291534,5.401841197508615,2.8641588110744536,5.409999847412109,5.199999928474426,5.0350000858306885,14.087499856948853,4.300000190734863
2021-06-14,5.480000019073486,5.690000057220459,4.909999847412109,5.059999942779541,4289700,0,0,0.3066666631987609,4.205000007152558,5.512490808745286,2.897509205559829,5.434999942779541,5.199999928474426,4.855000019073486,13.129499912261965,4.550000190734863
2021-06-15,5.150000095367432,5.289999961853027,4.800000190734863,5.139999866485596,4066100,0,0,0.3115151434233703,4.278999996185303,5.622164967445404,2.935835024925202,5.464999914169312,5.199999928474426,4.832500100135803,13.129499912261965,4.420000076293945
2021-06-16,5.019999980926514,5.139999866485596,4.699999809265137,4.869999885559082,2000700,0,0,0.2951515082157028,4.33899998664856,5.675101480997257,3.0028984922998623,5.519999980926514,5.199999928474426,4.817500114440918,13.080000400543211,4.130000114440918
2021-06-17,4.909999847412109,6.0,4.78000020980835,5.739999771118164,13955600,0,0,0.3478787740071625,4.4394999742507935,5.876925896332778,3.002074052168809,5.519999980926514,5.199999928474426,4.8125001192092896,12.570000290870668,4.289999961853027
2021-06-18,5.394000053405762,5.670000076293945,5.0,5.050000190734863,2201700,0,0,0.3060606176202956,4.503499984741211,5.929810126525948,3.077189842956474,5.639999866485596,5.199999928474426,4.708999991416931,12.451499581336977,4.110000133514404
2021-06-21,5.070000171661377,5.349999904632568,4.699999809265137,5.070000171661377,1601700,0,0,0.3072727376764479,4.574999988079071,5.963458107469437,3.186541868688705,5.699999809265137,5.199999928474426,4.419999957084656,11.975499868392944,4.239999771118164
2021-06-22,5.139999866485596,5.150000095367432,4.85099983215332,4.980000019073486,905600,0,0,0.3018181829741515,4.644999992847443,5.96446687461918,3.325533111075706,5.734999895095825,5.209999918937683,4.310000061988831,11.100000262260435,4.070000171661377
2021-06-23,5.0,5.211999893188477,4.880000114440918,5.090000152587891,992500,0,0,0.3084848577326003,4.723000001907349,5.949809690650767,3.4961903131639303,5.8349997997283936,5.209999918937683,4.310000061988831,10.640000224113464,4.159999847412109
2021-06-24,5.139999866485596,5.440000057220459,5.0,5.099999904632568,1403300,0,0,0.3090909033110656,4.792499995231628,5.935647369694534,3.6493526207687217,5.349999904632568,5.209999918937683,4.310000061988831,10.12499988079071,4.119999885559082
2021-06-25,5.099999904632568,5.239999771118164,4.9070000648498535,5.199999809265137,1680900,0,0,0.3151515035918273,4.8599999904632565,5.9287983783795735,3.79120160254694,5.349999904632568,5.209999918937683,4.310000061988831,10.12499988079071,3.9600000381469727
2021-06-28,5.389999866485596,7.059999942779541,5.360000133514404,6.099999904632568,22312200,0,0,0.3696969639171263,4.965999984741211,6.084572715434388,3.8474272540480343,5.879999876022339,5.254999995231628,4.310000061988831,7.215000033378601,3.990000009536743
2021-06-29,5.880000114440918,6.199999809265137,5.380000114440918,6.079999923706055,4389000,0,0,0.3684848438609739,5.066499972343445,6.206217965140459,3.926781979546431,5.879999876022339,5.254999995231628,4.310000061988831,6.075000166893005,4.170000076293945
2021-06-30,5.940000057220459,6.050000190734863,5.409999847412109,5.429999828338623,1999600,0,0,0.3290908986871901,5.134499955177307,6.186259345467995,4.082740564886619,5.879999876022339,5.2799999713897705,4.227500081062317,6.075000166893005,4.070000171661377
2021-07-01,5.53000020980835,5.559999942779541,4.980000019073486,5.170000076293945,1948900,0,0,0.3133333379572096,5.1684999704360965,6.177356966825529,4.1596429740466645,5.879999876022339,5.2799999713897705,4.0299999713897705,6.075000166893005,4.110000133514404
2021-07-02,5.070000171661377,5.139999866485596,4.710000038146973,4.809999942779541,1283800,0,0,0.2915151480472456,5.197999978065491,6.124476580893682,4.2715233752373,5.884999990463257,5.384999990463257,3.9799999594688416,6.075000166893005,3.990000009536743
2021-07-06,4.829999923706055,4.869999885559082,4.610000133514404,4.670000076293945,688800,0,0,0.2830303076541792,5.214999985694885,6.087480923904178,4.342519047485593,5.835000038146973,5.439999938011169,4.069999933242798,6.039500117301941,3.839999914169312
2021-07-07,4.670000076293945,4.71999979019165,4.199999809265137,4.28000020980835,1086400,0,0,0.2593939521095976,5.187999987602234,6.138519577298887,4.237480397905582,5.629999876022339,5.454999923706055,4.069999933242798,5.760000109672546,3.920000076293945
2021-07-08,4.139999866485596,4.579999923706055,4.130000114440918,4.510000228881836,625100,0,0,0.2733333472049604,5.1875,6.139449516445599,4.235550483554401,5.5950000286102295,5.480000019073486,4.069999933242798,5.659999966621399,3.859999895095825
2021-07-09,4.550000190734863,4.679999828338623,4.360000133514404,4.590000152587891,398700,0,0,0.2781818274295699,5.140499997138977,6.112991591314508,4.168008402963446,5.5950000286102295,5.509999990463257,4.047500014305115,5.600000023841858,3.7300000190734863
2021-07-12,4.630000114440918,4.679999828338623,4.449999809265137,4.619999885559082,296300,0,0,0.2799999930641875,5.077999997138977,6.014547862712959,4.141452131564995,5.164999961853027,5.565000057220459,4.212500095367432,5.600000023841858,3.670000076293945
2021-07-13,4.53000020980835,4.599999904632568,4.190000057220459,4.239999771118164,477900,0,0,0.2569696830980712,5.036999988555908,6.043103960878938,4.030896016232878,5.090000152587891,5.565000057220459,4.212500095367432,5.524999976158142,3.670000076293945
2021-07-14,4.260000228881836,4.300000190734863,4.150000095367432,4.239999771118164,248600,0,0,0.2569696830980712,4.991999983787537,6.055176426401882,3.928823541173191,4.8450000286102295,5.5950000286102295,4.197500050067902,5.350000023841858,3.549999952316284
2021-07-15,4.199999809265137,4.340000152587891,4.159999847412109,4.320000171661377,303900,0,0,0.2618181922219023,4.964499998092651,6.067034406980072,3.86196558920523,4.634999990463257,5.5950000286102295,4.277500092983246,4.915000081062317,3.5199999809265137
2021-07-16,4.320000171661377,4.409999847412109,4.171999931335449,4.269999980926514,216000,0,0,0.2587878776319106,4.8910000085830685,5.972509112890583,3.809490904275554,4.5,5.5950000286102295,4.330000102519989,4.915000081062317,3.7300000190734863
2021-07-19,4.130000114440918,4.380000114440918,4.010000228881836,4.28000020980835,375600,0,0,0.2593939521095976,4.852500009536743,5.9633726390677575,3.741627380005729,4.365000009536743,5.5350000858306885,4.787499904632568,4.855000138282776,3.7699999809265137
2021-07-20,4.269999980926514,4.369999885559082,4.170000076293945,4.300000190734863,229100,0,0,0.26060607216575,4.8140000104904175,5.945458720468447,3.682541300512388,4.3450000286102295,5.5350000858306885,5.304999887943268,5.199999928474426,3.869999885559082
2021-07-21,4.230000019073486,4.579999923706055,4.210000038146973,4.550000190734863,314200,0,0,0.2757575873172652,4.792500019073486,5.9268940497330735,3.658105988413899,4.3450000286102295,5.5350000858306885,5.317499935626984,5.199999928474426,3.859999895095825
2021-07-22,4.559999942779541,4.579999923706055,4.369999885559082,4.420000076293945,187300,0,0,0.2678787925026641,4.759000015258789,5.895869255495777,3.6221307750218017,4.3450000286102295,5.5350000858306885,5.332499921321869,5.199999928474426,4.269999980926514
2021-07-23,4.420000076293945,4.420000076293945,4.070000171661377,4.130000114440918,231300,0,0,0.2503030372388442,4.710500025749207,5.867843238075614,3.5531568134228,4.305000066757202,5.5350000858306885,5.35999995470047,5.199999928474426,4.25
2021-07-26,4.159999847412109,4.289999961853027,4.059999942779541,4.289999961853027,341400,0,0,0.259999997688063,4.665000033378601,5.813205692409934,3.516794374347269,4.295000076293945,5.5350000858306885,5.35999995470047,5.199999928474426,4.380000114440918
2021-07-27,4.139999866485596,4.28000020980835,4.010000228881836,4.110000133514404,207600,0,0,0.2490909171826918,4.565500044822693,5.526888397063285,3.604111692582101,4.295000076293945,5.5350000858306885,5.419999897480011,5.199999928474426,4.429999828338623
2021-07-28,4.099999904632568,4.329999923706055,4.079999923706055,4.239999771118164,241100,0,0,0.2569696830980712,4.473500037193299,5.142603161753852,3.804396912632746,4.295000076293945,5.5350000858306885,5.4499998688697815,5.199999928474426,4.389999866485596
2021-07-29,4.289999961853027,4.300000190734863,4.03000020980835,4.070000171661377,109800,0,0,0.2466666770703871,4.405500054359436,4.931748966647523,3.87925114207135,4.295000076293945,5.5350000858306885,5.472499907016754,5.199999928474426,3.924999952316284
2021-07-30,4.099999904632568,4.159999847412109,4.03000020980835,4.159999847412109,185000,0,0,0.2521212028734618,4.355000042915345,4.755798686199325,3.9542013996313634,4.295000076293945,5.5350000858306885,5.522499859333038,5.199999928474426,4.059999942779541
2021-08-02,4.170000076293945,4.170000076293945,3.9700000286102295,4.119999885559082,177400,0,0,0.2496969627611571,4.320500040054322,4.67424302940015,3.9667570507084937,4.274999976158142,5.514999985694885,5.279999911785126,5.199999928474426,3.859999895095825
2021-08-03,4.090000152587891,4.090000152587891,3.920000076293945,3.9600000381469727,153400,0,0,0.2400000023119383,4.285000038146973,4.633736344294259,3.9362637319996874,4.25,5.490000009536743,5.279999911785126,5.199999928474426,3.880000114440918
2021-08-04,3.990000009536743,4.045000076293945,3.920000076293945,3.990000009536743,117700,0,0,0.2418181823961668,4.270500028133393,4.642464127590162,3.898535928676623,4.170000076293945,5.059999942779541,5.567499935626984,5.245000004768372,3.920000076293945
2021-08-05,4.0,4.28000020980835,3.9670000076293945,4.170000076293945,799900,0,0,0.2527272773511488,4.253500020503997,4.61075782539008,3.8962422156179146,4.125,4.985000133514404,5.567499935626984,5.245000004768372,3.839999914169312
2021-08-06,4.190000057220459,4.210000038146973,4.019999980926514,4.070000171661377,125400,0,0,0.2466666770703871,4.227500021457672,4.5573686528133965,3.897631390101948,4.125,4.740000009536743,5.579999923706055,5.245000004768372,3.609999895095825
2021-08-09,4.119999885559082,4.230000019073486,4.070000171661377,4.110000133514404,130900,0,0,0.2490909171826918,4.202000033855438,4.480974557719504,3.923025509991372,4.125,4.5299999713897705,5.579999923706055,5.245000004768372,3.640000104904175
2021-08-10,4.150000095367432,4.170000076293945,3.950000047683716,3.990000009536743,237700,0,0,0.2418181823961668,4.189500045776367,4.482740889269284,3.8962592022834506,4.110000133514404,4.394999980926514,5.634999990463257,5.245000004768372,3.670000076293945
2021-08-11,3.9800000190734863,4.0,3.819999933242798,3.839999914169312,178400,0,0,0.2327272675254134,4.169500052928925,4.498976247700921,3.840023858156928,4.050000071525574,4.269999861717224,5.637499988079071,5.245000004768372,3.5
2021-08-12,3.839999914169312,4.0,3.7100000381469727,3.920000076293945,333300,0,0,0.2375757621996336,4.149500048160553,4.488533586229075,3.810466510092029,3.995000123977661,4.194999933242798,5.542499899864197,5.245000004768372,3.670000076293945
2021-08-13,3.880000114440918,3.990000009536743,3.7699999809265137,3.859999895095825,170800,0,0,0.2339393875815657,4.129000043869018,4.485726923321777,3.77227316441626,3.995000123977661,4.194999933242798,5.537500023841858,5.245000004768372,3.539999961853028
2021-08-16,3.799999952316284,3.930000066757202,3.700000047683716,3.7300000190734863,224600,0,0,0.2260606072165755,4.101500034332275,4.49108261440013,3.711917454264421,3.9900001287460327,4.189999938011169,5.552500009536743,5.245000004768372,3.559999942779541
2021-08-17,3.7300000190734863,3.7899999618530273,3.5510001182556152,3.670000076293945,187000,0,0,0.2224242470481184,4.070000028610229,4.491238094429587,3.648761962790871,3.9155001640319824,4.075500011444092,5.365000009536743,5.245000004768372,3.7300000190734863
2021-08-18,3.660000085830689,3.880000114440918,3.609999895095825,3.670000076293945,116800,0,0,0.2224242470481184,4.026000022888184,4.420180884307125,3.6318191614692426,3.890500068664551,4.065500020980835,5.327500104904175,5.245000004768372,3.650000095367432
2021-08-19,3.650000095367432,3.849999904632568,3.5450000762939453,3.549999952316284,224400,0,0,0.2151515122615935,3.982500016689301,4.385179654645205,3.579820378733396,3.887500047683716,4.0625,5.2200000286102295,5.245000004768372,3.650000095367432
2021-08-20,3.549999952316284,3.640000104904175,3.4800000190734863,3.5199999809265137,140400,0,0,0.213333332177365,3.95200001001358,4.396116956601046,3.5078830634261147,3.825000047683716,4.0299999713897705,5.115000009536743,5.245000004768372,3.440000057220459
2021-08-23,3.490000009536743,3.746999979019165,3.4820001125335693,3.7300000190734863,250100,0,0,0.2260606072165754,3.924000012874603,4.349364926220099,3.4986350995291065,3.740000009536743,4.0299999713897705,5.047500014305115,5.245000004768372,3.180000066757202
2021-08-24,3.7100000381469727,3.849999904632568,3.680000066757202,3.7699999809265137,103700,0,0,0.2284848473288802,3.9070000052452087,4.328386792817586,3.485613217672832,3.740000009536743,4.0299999713897705,4.950000047683716,5.245000004768372,3.319999933242798
2021-08-25,3.819999933242798,3.9700000286102295,3.720999956130981,3.869999885559082,145800,0,0,0.2345454476096419,3.888500010967255,4.280978138777326,3.496021883157184,3.7350000143051143,4.0299999713897705,4.940000057220459,5.245000004768372,3.309999942779541
2021-08-26,3.867000102996826,3.961999893188477,3.7929999828338623,3.859999895095825,105900,0,0,0.2339393875815657,3.877999997138977,4.261532125646277,3.494467868631677,3.725000023841858,4.0299999713897705,4.940000057220459,5.245000004768372,3.220000028610229
2021-08-27,3.819999933242798,4.269999980926514,3.809999942779541,4.269999980926514,520400,0,0,0.2587878776319106,3.883500003814697,4.285948647435093,3.481051360194301,3.875,3.950000047683716,4.940000057220459,5.245000004768372,3.220000028610229
2021-08-30,4.269999980926514,4.269999980926514,4.039999961853027,4.25,199800,0,0,0.2575757575757582,3.890000009536743,4.311478008881934,3.468522010191552,3.875,3.9049999713897705,4.920000076293945,5.245000004768372,3.2799999713897705
2021-08-31,4.285999774932861,4.380000114440918,4.099999904632568,4.380000114440918,222200,0,0,0.2654545523903593,3.91100001335144,4.383668370990525,3.438331655712356,3.930000066757202,3.930000066757202,4.915000081062317,5.245000004768372,3.3499999046325684
2021-09-01,4.400000095367432,4.5,4.239999771118164,4.429999828338623,204000,0,0,0.2684848380811293,3.9330000042915354,4.457078471153601,3.4089215374294684,3.990000009536743,3.990000009536743,4.915000081062317,5.245000004768372,3.359999895095825
2021-09-02,4.400000095367432,4.449999809265137,4.269999980926514,4.389999866485596,178400,0,0,0.2660605979688246,3.9439999938011168,4.49630353200298,3.3916964555992544,3.9910000562667847,3.990000009536743,4.915000081062317,5.245000004768372,3.3499999046325684
2021-09-03,4.239999771118164,4.28000020980835,3.859999895095825,3.924999952316284,666400,0,0,0.2378787849888663,3.936749982833862,4.486012822970758,3.387487142696967,4.090000033378601,3.990000009536743,4.915000081062317,5.254999995231628,3.390000104904175
2021-09-07,3.990000009536743,4.150000095367432,3.9700000286102295,4.059999942779541,193400,0,0,0.2460606025927,3.9342499732971192,4.480754247917246,3.3877456986769925,4.110499978065491,3.990000009536743,4.915000081062317,5.254999995231628,3.5999999046325684
2021-09-08,4.070000171661377,4.079999923706055,3.7200000286102295,3.859999895095825,165300,0,0,0.2339393875815657,3.927749967575073,4.474542742753411,3.3809571923967354,4.110000014305115,3.990000009536743,4.894999980926514,5.254999995231628,3.5299999713897705
2021-09-09,3.799999952316284,3.950000047683716,3.75,3.880000114440918,89700,0,0,0.2351515220873289,3.9297499775886537,4.4755249238706245,3.3839750313066834,4.110000014305115,3.990000009536743,4.870000004768372,5.254999995231628,3.539999961853028
2021-09-10,3.859999895095825,4.079999923706055,3.809999942779541,3.920000076293945,111200,0,0,0.2375757621996336,3.9297499775886537,4.4755249238706245,3.3839750313066834,4.110000014305115,3.990000009536743,4.615000009536743,5.254999995231628,3.559999942779541
2021-09-13,3.890000104904175,4.0,3.799999952316284,3.839999914169312,78600,0,0,0.2327272675254134,3.928749978542328,4.47511179327988,3.3823881638047752,4.110000014305115,3.990000009536743,4.555000066757202,5.254999995231628,3.4800000190734863
2021-09-14,3.839999914169312,3.920000076293945,3.5899999141693115,3.609999895095825,145200,0,0,0.2187878724300505,3.922749972343445,4.4803534481312575,3.3651464965556324,4.044999957084656,3.990000009536743,4.432500004768372,5.2799999713897705,3.5199999809265137
2021-09-15,3.619999885559082,3.7160000801086426,3.619999885559082,3.640000104904175,88900,0,0,0.2206060669638899,3.921249973773956,4.481750381502732,3.3607495660451807,4.019999861717224,3.990000009536743,4.327499985694885,5.2799999713897705,3.390000104904175
2021-09-16,3.660000085830689,3.7699999809265137,3.5999999046325684,3.670000076293945,82000,0,0,0.2224242470481184,3.921249973773956,4.481750381502732,3.3607495660451807,3.935000061988831,3.990000009536743,4.252500057220459,5.384999990463257,3.1700000762939453
2021-09-17,3.690000057220459,3.7300000190734863,3.5,3.5,241800,0,0,0.2121212121212126,3.918749976158142,4.486330088242807,3.351169864073476,3.825000047683716,3.990000009536743,4.159999966621399,5.439999938011169,3.2100000381469727
2021-09-20,3.5,3.7899999618530273,3.5,3.670000076293945,373000,0,0,0.2224242470481184,3.9262499809265137,4.476051816365094,3.3764481454879336,3.7899999618530273,3.990000009536743,4.0950000286102295,5.384999990463257,3.150000095367432
2021-09-21,3.7200000286102295,3.7899999618530273,3.5,3.539999961853028,232600,0,0,0.2145454522335174,3.91674997806549,4.486218530347569,3.3472814257834127,3.7899999618530273,3.990000009536743,4.0950000286102295,5.384999990463257,3.0999999046325684
2021-09-22,3.539999961853028,3.619999885559082,3.470000028610229,3.559999942779541,200700,0,0,0.2157575722896697,3.906249976158142,4.493810282294464,3.31868967002182,3.774999976158142,3.9850000143051143,4.090000033378601,5.379999995231628,3.039999961853028
2021-09-23,3.559999942779541,3.75,3.5199999809265137,3.7300000190734863,144600,0,0,0.2260606072165755,3.8992499828338634,4.4917397299992565,3.306760235668468,3.7350000143051143,3.9850000143051143,3.995500087738037,5.305500030517578,3.039999961853028
2021-09-24,3.740000009536743,3.75,3.5899999141693115,3.650000095367432,99400,0,0,0.2212121269919661,3.8887499928474423,4.491118576096234,3.286381409598651,3.695000052452087,3.9850000143051143,3.978000044822693,5.305500030517578,3.119999885559082
2021-09-27,3.650000095367432,3.7699999809265137,3.609999895095825,3.650000095367432,149200,0,0,0.2212121269919661,3.857749998569489,4.441786283209021,3.273713713929956,3.629999995231629,3.9850000143051143,3.975000023841858,5.302500009536743,3.3399999141693115
2021-09-28,3.650000095367432,3.674000024795532,3.384999990463257,3.440000057220459,317200,0,0,0.2084848519527556,3.8172500014305113,4.399179353218707,3.235320649642316,3.587499976158142,3.942499995231629,3.927500009536743,5.269999980926514,3.220000028610229
2021-09-29,3.4100000858306885,3.424000024795532,3.1600000858306885,3.180000066757202,295000,0,0,0.1927272767731642,3.7572499990463255,4.34219429007462,3.172305708018031,3.475000023841858,3.830000042915344,3.884999990463257,5.269999980926514,3.289999961853028
2021-09-30,3.200000047683716,3.430000066757202,3.1600000858306885,3.319999933242798,218900,0,0,0.2012121171662307,3.7017500042915343,4.227916006748536,3.175584001834533,3.475000023841858,3.830000042915344,3.884999990463257,5.269999980926514,3.259999990463257
2021-10-01,3.359999895095825,3.359999895095825,3.049999952316284,3.309999942779541,386800,0,0,0.2006060571381545,3.647750008106232,4.095314426415917,3.2001855897965457,3.419999957084656,3.774999976158142,3.882499992847442,5.269999980926514,3.259999990463257
2021-10-04,3.299999952316284,3.3399999141693115,3.140000104904175,3.220000028610229,129500,0,0,0.1951515168854689,3.612500011920929,4.078055658225735,3.1469443656161227,3.409999966621399,3.774999976158142,3.877499997615814,5.269999980926514,3.180000066757202
2021-10-05,3.240000009536743,3.244999885559082,3.119999885559082,3.220000028610229,93500,0,0,0.1951515168854689,3.5705000162124634,4.018012778947924,3.122987253477004,3.409999966621399,3.774999976158142,3.912500023841858,5.269999980926514,3.069999933242798
2021-10-06,3.140000104904175,3.359999895095825,3.119999885559082,3.2799999713897705,224000,0,0,0.198787877053926,3.5415000200271605,3.985328969170237,3.0976710708840844,3.409999966621399,3.774999976158142,3.889999985694885,5.269999980926514,3.119999885559082
2021-10-07,3.2699999809265137,3.380000114440918,3.2109999656677246,3.3499999046325684,85900,0,0,0.2030302972504592,3.515000009536743,3.937364540255079,3.092635478818407,3.409999966621399,3.774999976158142,3.930000066757202,5.269999980926514,3.140000104904175
2021-10-08,3.3399999141693115,3.359999895095825,3.240000009536743,3.359999895095825,81000,0,0,0.2036363572785353,3.4870000004768373,3.870294839646475,3.1037051613072,3.361999988555908,3.7499998807907104,3.990000009536743,5.269999980926514,3.2100000381469727
2021-10-11,3.309999942779541,3.400000095367432,3.2799999713897705,3.3499999046325684,74200,0,0,0.2030302972504591,3.4625,3.813338898560401,3.1116611014395987,3.240000009536743,3.665000081062317,3.990500032901764,5.269999980926514,3.049999952316284
2021-10-12,3.3499999046325684,3.4100000858306885,3.249000072479248,3.390000104904175,109700,0,0,0.2054545518123747,3.4515000104904177,3.796844059253111,3.1061559617277243,3.240000009536743,3.600000023841858,4.040000021457672,5.269999980926514,2.950000047683716
2021-10-13,3.3499999046325684,3.650000095367432,3.3299999237060547,3.5999999046325684,144600,0,0,0.2181818124019743,3.449500000476837,3.7908514455260094,3.108148555427665,3.350000023841858,3.564999938011169,4.050249993801117,5.269999980926514,3.0
2021-10-14,3.700000047683716,3.7699999809265137,3.4600000381469727,3.5299999713897705,130800,0,0,0.2139393922054411,3.4424999952316284,3.7708327394528136,3.1141672510104432,3.444999933242798,3.564999938011169,4.050000011920929,5.269999980926514,3.009999990463257
2021-10-15,3.549999952316284,3.5799999237060547,3.400000095367432,3.539999961853028,137200,0,0,0.2145454522335173,3.44449999332428,3.774711727081159,3.1142882595674006,3.444999933242798,3.564999938011169,4.050000011920929,5.269999980926514,2.930000066757202
2021-10-18,3.539999961853028,3.5999999046325684,3.3499999046325684,3.559999942779541,220100,0,0,0.2157575722896696,3.43899998664856,3.757328947156048,3.1206710261410717,3.444999933242798,3.524999976158142,4.050000011920929,4.839999914169312,2.7100000381469727
2021-10-19,3.5,3.546999931335449,3.4600000381469727,3.4800000190734863,57100,0,0,0.2109090920650602,3.4359999895095825,3.751553915640185,3.12044606337898,3.490499973297119,3.4850000143051147,4.050000011920929,4.765000104904175,2.789999961853028
2021-10-20,3.470000028610229,3.539999961853028,3.430000066757202,3.5199999809265137,48500,0,0,0.213333332177365,3.4339999914169312,3.746851219319232,3.121148763514631,3.5049999952316284,3.419999957084656,4.0174999833107,4.519999980926514,2.700000047683716
2021-10-21,3.490000009536743,3.5299999713897705,3.3499999046325684,3.390000104904175,78200,0,0,0.2054545518123747,3.4169999957084656,3.698751014867639,3.1352489765492924,3.509500026702881,3.419999957084656,4.004999935626984,4.309999942779541,2.549999952316284
2021-10-22,3.289999961853028,3.319999933242798,3.130000114440918,3.1700000762939453,201900,0,0,0.192121216745088,3.392999994754791,3.6730234039539713,3.112976585555611,3.450000047683716,3.419999957084656,3.962500035762787,4.174999952316284,2.559999942779541
2021-10-25,3.220000028610229,3.2699999809265137,3.134999990463257,3.2100000381469727,103900,0,0,0.1945454568573927,3.3709999918937683,3.6353342729750655,3.106665710812471,3.450000047683716,3.419999957084656,3.9075000286102295,4.099999904632568,2.289999961853028
2021-10-26,3.180000066757202,3.2100000381469727,3.0799999237060547,3.150000095367432,178800,0,0,0.1909090966889357,3.356499993801117,3.635668234422494,3.0773317531797395,3.424999952316284,3.419999957084656,3.889999985694885,4.079999923706055,2.259999990463257
2021-10-27,3.119999885559082,3.1600000858306885,3.049999952316284,3.0999999046325684,168700,0,0,0.1878787820989439,3.352499985694885,3.643831521066824,3.0611684503229464,3.3249999284744263,3.409999966621399,3.889999985694885,4.079999923706055,2.0999999046325684
2021-10-28,3.0899999141693115,3.1600000858306885,3.039999961853028,3.039999961853028,207400,0,0,0.1842424219304869,3.3384999871253966,3.6603896986862186,3.0166102755645747,3.319999933242798,3.4049999713897705,3.879999995231629,4.074999928474426,2.130000114440918
2021-10-29,3.039999961853028,3.130000114440918,3.0299999713897705,3.039999961853028,189200,0,0,0.1842424219304869,3.324999988079071,3.6724583554445855,2.977541620713556,3.28849995136261,3.399999976158142,3.8600000143051143,4.034999966621399,2.220000028610229
2021-11-01,3.0299999713897705,3.200000047683716,3.0199999809265137,3.119999885559082,174900,0,0,0.1890909021550963,3.319999980926513,3.676221970604381,2.963777991248646,3.2799999713897705,3.3949999809265137,3.840000033378601,4.024999976158142,2.2799999713897705
2021-11-02,3.140000104904175,3.359999895095825,3.039999961853028,3.3399999141693115,333800,0,0,0.2024242372223829,3.325999975204468,3.679281042101109,2.972718908307827,3.274999976158142,3.3949999809265137,3.807500004768372,4.024999976158142,2.0899999141693115
2021-11-03,3.369999885559082,3.390000104904175,3.2100000381469727,3.220000028610229,205300,0,0,0.1951515168854689,3.32299997806549,3.6788301114601056,2.967169844670876,3.205000042915344,3.3949999809265137,3.764999985694885,3.982499957084656,2.1700000762939453
2021-11-04,3.200000047683716,3.359999895095825,3.1600000858306885,3.289999961853028,97000,0,0,0.1993939370820021,3.319999980926513,3.675881251892565,2.9641187099604616,3.205000042915344,3.3949999809265137,3.652500033378601,3.870000004768372,2.049999952316284
2021-11-05,3.299999952316284,3.319999933242798,3.190000057220459,3.259999990463257,98800,0,0,0.1975757569977736,3.314999985694885,3.671307106848388,2.958692864541382,3.205000042915344,3.3949999809265137,3.652500033378601,3.870000004768372,1.870000004768372
2021-11-08,3.259999990463257,3.3399999141693115,3.180000066757202,3.259999990463257,75900,0,0,0.1975757569977736,3.31049998998642,3.66720269546805,2.9537972845047893,3.205000042915344,3.3949999809265137,3.597499966621399,3.8149999380111694,1.8899999856948853
2021-11-09,3.2699999809265137,3.289999961853028,3.0999999046325684,3.180000066757202,82600,0,0,0.1927272767731642,3.299999988079071,3.659105033523895,2.9408949426342472,3.205000042915344,3.3949999809265137,3.5924999713897705,3.8149999380111694,1.8799999952316284
2021-11-10,3.240000009536743,3.240000009536743,3.0299999713897705,3.069999933242798,146600,0,0,0.1860606020147154,3.2734999895095824,3.617905954269636,2.9290940247495287,3.205000042915344,3.3949999809265137,3.5924999713897705,3.774999976158142,1.9700000286102293
2021-11-11,3.069999933242798,3.200000047683716,3.0209999084472656,3.119999885559082,220600,0,0,0.1890909021550963,3.252999985218048,3.582207537049205,2.9237924333868905,3.205000042915344,3.3949999809265137,3.5924999713897705,3.774999976158142,1.9800000190734863
2021-11-12,3.069999933242798,3.220000028610229,3.009999990463257,3.140000104904175,189400,0,0,0.1903030366608595,3.2329999923706056,3.53744655159626,2.9285534331449514,3.200000047683716,3.3899999856948853,3.5924999713897705,3.774999976158142,2.0299999713897705
2021-11-15,3.180000066757202,3.299999952316284,3.0999999046325684,3.2100000381469727,151800,0,0,0.1945454568573927,3.215499997138977,3.479954801793138,2.951045192484816,3.200000047683716,3.3899999856948853,3.5559999346733093,3.774999976158142,2.059999942779541
2021-11-16,3.2100000381469727,3.2100000381469727,3.0199999809265137,3.049999952316284,239000,0,0,0.1848484819585631,3.1939999938011168,3.4378439935201865,2.950155994082047,3.184999942779541,3.3899999856948853,3.45250004529953,3.774999976158142,2.049999952316284
2021-11-17,3.049999952316284,3.069999933242798,2.7890000343322754,2.950000047683716,721800,0,0,0.1787878816778013,3.165499997138977,3.381659635714425,2.9493403585635294,3.064499974250793,3.2795000076293945,3.4200000166893005,3.774999976158142,1.850000023841858
2021-11-18,2.950000047683716,3.032999992370605,2.869999885559082,3.0,240200,0,0,0.1818181818181822,3.145999991893768,3.3473329196782773,2.944667064109259,3.064499974250793,3.2795000076293945,3.4574999809265137,3.774999976158142,1.7799999713897705
2021-11-19,3.0199999809265137,3.0199999809265137,2.859999895095825,3.009999990463257,150700,0,0,0.1824242418462584,3.137999987602234,3.347521775572555,2.928478199631913,3.04449999332428,3.194499969482422,3.504999935626984,3.774999976158142,1.7400000095367432
2021-11-22,2.990000009536743,2.990000009536743,2.75,2.930000066757202,334100,0,0,0.177575761621649,3.123999989032745,3.349402216368434,2.898597761697057,3.024999976158142,3.174999952316284,3.504999935626984,3.774999976158142,1.75
2021-11-23,2.930000066757202,2.930000066757202,2.7100000381469727,2.7100000381469727,137300,0,0,0.1642424265543623,3.1019999861717222,3.390732989274236,2.8132669830692083,3.0049999952316284,3.128499984741211,3.48499995470047,3.774999976158142,1.830000042915344
2021-11-24,2.7100000381469727,2.789999961853028,2.609999895095825,2.789999961853028,113200,0,0,0.1690909067789717,3.0864999890327454,3.405993890991554,2.767006087073937,2.9549999237060547,3.0749999284744263,3.487749993801117,3.774999976158142,1.9299999475479128
2021-11-26,2.700000047683716,2.7699999809265137,2.5999999046325684,2.700000047683716,65800,0,0,0.1636363665262862,3.06949999332428,3.430988614803593,2.708011371844966,2.9499999284744263,3.064999938011169,3.462499976158142,3.774999976158142,1.840000033378601
2021-11-29,2.740000009536743,2.740000009536743,2.5,2.549999952316284,200300,0,0,0.1545454516555327,3.0449999928474427,3.47236135900969,2.617638626685196,2.8550000190734863,2.9450000524520874,3.4647499918937683,3.774999976158142,1.6799999475479126
2021-11-30,2.509999990463257,2.5799999237060547,2.4200000762939453,2.559999942779541,170400,0,0,0.1551515116836089,3.0169999957084657,3.492278990846965,2.541721000569966,2.745000004768372,2.90500009059906,3.435000002384186,3.774999976158142,1.6399999856948853
2021-12-01,2.559999942779541,2.5739998817443848,2.2699999809265137,2.289999961853028,242700,0,0,0.1387878764759414,2.964499998092651,3.512690863426344,2.4163091327589585,2.65149998664856,2.830000042915344,3.435000002384186,3.774999976158142,1.6299999952316284
2021-12-02,2.25,2.319999933242798,2.140000104904175,2.259999990463257,145500,0,0,0.1369696963917128,2.916499996185302,3.531600055447851,2.3013999369227545,2.580000042915344,2.765000104904175,3.42249995470047,3.774999976158142,1.5700000524520874
2021-12-03,2.259999990463257,2.289999961853028,2.0199999809265137,2.0999999046325684,208200,0,0,0.1272727214928832,2.85699999332428,3.5430177162001395,2.17098227044842,2.5049999952316284,2.705000042915344,3.3674999475479126,3.774999976158142,1.6100000143051147
2021-12-06,2.0899999141693115,2.190000057220459,2.009999990463257,2.130000114440918,106700,0,0,0.1290909160267226,2.8004999995231628,3.529703062428272,2.0712969366180536,2.470000028610229,2.700000047683716,3.362499952316284,3.7699999809265137,1.5700000524520874
2021-12-07,2.130000114440918,2.289999961853028,2.130000114440918,2.220000028610229,114400,0,0,0.1345454562794081,2.748500001430512,3.487584718658107,2.0094152842029165,2.399999976158142,2.700000047683716,3.344249963760376,3.764999985694885,1.559999942779541
2021-12-08,2.2300000190734863,2.3289999961853027,2.200000047683716,2.2799999713897705,71700,0,0,0.1381818164478652,2.70349999666214,3.441599209224989,1.9654007840992904,2.3899999856948853,2.700000047683716,3.337499976158142,3.759999990463257,1.5499999523162842
2021-12-09,2.25,2.299999952316284,2.069999933242798,2.0899999141693115,184600,0,0,0.126666661464807,2.6544999957084654,3.418714182011007,1.890285809405924,2.375,2.700000047683716,3.334999978542328,3.759999990463257,1.4199999570846558
2021-12-10,2.109999895095825,2.2300000190734863,2.109999895095825,2.1700000762939453,115700,0,0,0.1315151561390272,2.607000005245209,3.367624124738926,1.846375885751492,2.294999957084656,2.684999942779541,3.300000011920929,3.759999990463257,1.3799999952316284
2021-12-13,2.1700000762939453,2.1700000762939453,1.9600000381469729,2.049999952316284,123600,0,0,0.1242424213525023,2.552499997615814,3.3086925982023905,1.7963073970292376,2.2669999599456787,2.649999976158142,3.300000011920929,3.759999990463257,1.3600000143051147
2021-12-14,1.9800000190734863,1.9800000190734863,1.820000052452088,1.870000004768372,304700,0,0,0.1133333336223258,2.485499995946884,3.234130754030053,1.736869237863715,2.074500024318695,2.5799999833106995,3.300000011920929,3.759999990463257,1.4199999570846558
2021-12-15,1.8600000143051147,1.940000057220459,1.7899999618530271,1.8899999856948853,117200,0,0,0.1145454536784781,2.427499997615814,3.1718893116468827,1.6831106835847451,2.059499979019165,2.544999957084656,3.300000011920929,3.759999990463257,1.3600000143051147
2021-12-16,1.919999957084656,1.950000047683716,1.7999999523162842,1.8799999952316284,143500,0,0,0.113939393650402,2.37399999499321,3.1142362219221424,1.6337637680642776,2.059499979019165,2.544999957084656,3.300000011920929,3.759999990463257,1.4600000381469729
2021-12-17,1.850000023841858,2.0299999713897705,1.809999942779541,1.9700000286102293,185300,0,0,0.1193939411278929,2.3224999964237214,3.0232081238278368,1.621791869019606,2.059499979019165,2.544999957084656,3.300000011920929,3.759999990463257,1.3700000047683716
2021-12-20,2.069999933242798,2.069999933242798,1.870000004768372,1.9800000190734863,109600,0,0,0.1200000011559691,2.270999997854233,2.910076447757388,1.6319235479510776,2.059499979019165,2.544999957084656,3.300000011920929,3.759999990463257,1.3200000524520874
2021-12-21,1.950000047683716,2.049999952316284,1.950000047683716,2.0299999713897705,94600,0,0,0.12303030129635,2.2259999930858614,2.795356065872165,1.6566439202995582,2.044999957084656,2.544999957084656,3.2950000166893005,3.754999995231629,1.2699999809265137
2021-12-22,2.009999990463257,2.1050000190734863,1.9900000095367432,2.059999942779541,97400,0,0,0.1248484813805785,2.1934999883174897,2.7208542469338,1.6661457297011797,2.009999990463257,2.5,3.2950000166893005,3.7299998998641968,1.350000023841858
2021-12-23,2.0799999237060547,2.0799999237060547,1.9600000381469729,2.049999952316284,164500,0,0,0.1242424213525024,2.156499987840653,2.6090357535573623,1.7039642221239428,1.9800000190734863,2.4299999475479126,3.287499964237213,3.6450001001358032,1.440000057220459
2021-12-27,2.0299999713897705,2.0899999141693115,1.850000023841858,1.850000023841858,157900,0,0,0.1121212135661735,2.1139999866485595,2.509920985104256,1.7180789881928626,1.9474999904632568,2.411499977111816,3.171999990940094,3.469500064849853,1.3300000429153442
2021-12-28,1.830000042915344,1.850000023841858,1.7599999904632568,1.7799999713897705,187500,0,0,0.1078787861448348,2.075499987602234,2.442759537809659,1.7082404373948088,1.932500004768372,2.3899999856948853,3.171999990940094,3.434499979019165,1.2899999618530271
2021-12-29,1.7400000095367432,1.7690000534057615,1.7100000381469729,1.7400000095367432,156200,0,0,0.1054545460325301,2.034499990940094,2.3560252063295817,1.7129747755506055,1.9075000286102293,2.350000023841858,3.119499981403351,3.434499979019165,1.2899999618530271
2021-12-30,1.75,1.830000042915344,1.7300000190734863,1.75,206600,0,0,0.1060606060606063,2.007499992847442,2.329364609017452,1.6856353766774337,1.9075000286102293,2.3200000524520874,3.099999964237213,3.414999961853028,1.309999942779541
2021-12-31,1.7000000476837158,1.8799999952316284,1.7000000476837158,1.830000042915344,231900,0,0,0.1109090935100211,1.985999995470047,2.2945562724074438,1.6774437185326505,1.902500033378601,2.245000004768372,3.06674998998642,3.3550000190734863,1.2799999713897705
2022-01-03,1.8600000143051147,1.9850000143051147,1.850000023841858,1.9299999475479128,99100,0,0,0.1169696937907828,1.9774999976158143,2.2823298345047203,1.6726701607269083,1.902500033378601,2.2350000143051147,3.0149999260902405,3.2649999856948853,1.4299999475479126
2022-01-04,1.9700000286102293,2.0,1.830000042915344,1.840000033378601,107000,0,0,0.1115151535380973,1.9629999935626985,2.2649792790148693,1.661020708110527,1.902500033378601,2.220000028610229,3.007499933242798,3.194999933242798,1.4199999570846558
2022-01-05,1.820000052452088,1.8600000143051147,1.659999966621399,1.6799999475479126,131400,0,0,0.1018181786392676,1.9359999895095823,2.237798444218886,1.6342015348002792,1.8749999403953552,2.119999945163727,2.900000035762787,3.1449999809265137,1.340000033378601
2022-01-06,1.690000057220459,1.7400000095367432,1.6100000143051147,1.6399999856948853,151500,0,0,0.099393938526963,1.9039999902248383,2.1881306104940803,1.6198693699555966,1.8499999642372127,2.0919999480247498,2.825000047683716,3.1050000190734863,1.2799999713897705
2022-01-07,1.649999976158142,1.7000000476837158,1.6299999952316284,1.6299999952316284,52700,0,0,0.0987878784988868,1.880999994277954,2.1755771158563304,1.5864228726995775,1.8050000071525572,1.9695000052452087,2.740750014781952,3.0299999713897705,1.3300000429153442
2022-01-10,1.6200000047683716,1.6399999856948853,1.5199999809265137,1.5700000524520874,179700,0,0,0.0951515183304297,1.8509999930858607,2.1439251608225227,1.5580748253491996,1.7599999904632568,1.924499988555908,2.6725000739097595,2.965000033378601,1.309999942779541
2022-01-11,1.5700000524520874,1.6399999856948853,1.5499999523162842,1.6100000143051147,52800,0,0,0.0975757584427344,1.8289999961853027,2.124946651895921,1.5330533404746842,1.7599999904632568,1.924499988555908,2.6050000190734863,2.8949999809265137,1.2200000286102295
2022-01-12,1.7100000381469729,1.725000023841858,1.559999942779541,1.5700000524520874,102500,0,0,0.0951515183304297,1.8139999985694888,2.130066061644195,1.4979339354947825,1.7599999904632568,1.924499988555908,2.5850000381469727,2.8899999856948853,1.25
2022-01-13,1.5700000524520874,1.6299999952316284,1.5299999713897705,1.559999942779541,111000,0,0,0.0945454510775481,1.7974999964237213,2.130176190443048,1.4648238024043945,1.7599999904632568,1.924499988555908,2.550000011920929,2.8899999856948853,
2022-01-14,1.531999945640564,1.559999942779541,1.4600000381469729,1.5499999523162842,134800,0,0,0.093939391049472,1.7809999942779542,2.128248823495484,1.4337511650604244,1.7300000190734863,1.8799999952316284,2.5450000166893005,2.8899999856948853,
2022-01-18,1.5399999618530271,1.5399999618530271,1.4199999570846558,1.4199999570846558,71000,0,0,0.0860606034596763,1.7534999907016755,2.123163026213984,1.3838369551893677,1.6399999856948853,1.824999988079071,2.537500023841858,2.8899999856948853,
2022-01-19,1.4500000476837158,1.4500000476837158,1.3600000143051147,1.3799999952316284,56400,0,0,0.0836363633473716,1.7234999895095826,2.111886983762425,1.3351129952567402,1.550000011920929,1.76500004529953,2.4899999499320984,2.8899999856948853,
2022-01-20,1.3799999952316284,1.440000057220459,1.3300000429153442,1.3600000143051147,147700,0,0,0.0824242432912192,1.6899999916553496,2.082463913246039,1.2975360700646603,1.527500033378601,1.7175000309944153,2.4584999680519104,2.865000009536743,
2022-01-21,1.3600000143051147,1.4299999475479126,1.2599999904632568,1.4199999570846558,197500,0,0,0.0860606034596763,1.6579999923706057,2.028063465690959,1.2879365190502516,1.4925000071525574,1.6825000047683716,2.3272500038146973,2.7950000166893005,
2022-01-24,1.4199999570846558,1.4199999570846558,1.2999999523162842,1.3600000143051147,142000,0,0,0.0824242432912192,1.623499995470047,1.9684925304220036,1.2785074605180908,1.4925000071525574,1.6825000047683716,2.3022499680519104,2.7799999713897705,
2022-01-25,1.350000023841858,1.468000054359436,1.3200000524520874,1.4600000381469729,60600,0,0,0.0884848507967864,1.6039999961853026,1.9394316547229768,1.2685683376476284,1.4925000071525574,1.6825000047683716,2.3022499680519104,2.7799999713897705,
2022-01-26,1.409999966621399,1.491000056266785,1.350000023841858,1.3700000047683716,53800,0,0,0.0830303033192954,1.5834999978542328,1.9235339107753904,1.2434660849330752,1.4449999928474426,1.6825000047683716,2.3022499680519104,2.7799999713897705,
2022-01-27,1.4500000476837158,1.4600000381469729,1.2999999523162842,1.3200000524520874,33700,0,0,0.0800000031789145,1.5625,1.9131082422497192,1.2118917577502808,1.409999966621399,1.6825000047683716,2.3022499680519104,2.7799999713897705,
2022-01-28,1.2899999618530271,1.3300000429153442,1.2300000190734863,1.2699999809265137,134500,0,0,0.0769696958137282,1.5384999990463255,1.9001452234599705,1.176854774632681,1.3849999904632568,1.6675000190734863,2.294999957084656,2.7799999713897705,
2022-01-31,1.2699999809265137,1.3799999952316284,1.2300000190734863,1.350000023841858,72400,0,0,0.0818181832631431,1.5144999980926517,1.8586827849648573,1.1703172112204454,1.3605000376701355,1.659999966621399,2.2549999952316284,2.7799999713897705,
2022-02-01,1.3600000143051147,1.440000057220459,1.3600000143051147,1.440000057220459,47300,0,0,0.087272730740634,1.4900000035762786,1.7767937880057891,1.203206219146768,1.3605000376701355,1.659999966621399,2.2049999833106995,2.7799999713897705,
2022-02-02,1.4800000190734863,1.4800000190734863,1.309999942779541,1.3300000429153442,81400,0,0,0.0806060632069907,1.4645000040531158,1.7095082366029857,1.2194917715032458,1.3605000376701355,1.6150000095367432,2.1794999837875366,2.7799999713897705,
2022-02-03,1.3200000524520874,1.3200000524520874,1.2599999904632568,1.2899999618530271,41600,0,0,0.0781818158698806,1.4450000047683715,1.6800710182947398,1.2099289912420033,1.3605000376701355,1.6150000095367432,2.1612499952316284,2.7649999856948853,
2022-02-04,1.274999976158142,1.309999942779541,1.25,1.2899999618530271,48000,0,0,0.0781818158698806,1.4275000035762786,1.6537505776475854,1.2012494295049718,1.3605000376701355,1.6150000095367432,2.128750026226044,2.6549999713897705,
2022-02-07,1.3200000524520874,1.350000023841858,1.2799999713897705,1.309999942779541,48000,0,0,0.0793939359260329,1.4115000009536742,1.62281626088366,1.2001837410236884,1.3605000376701355,1.6150000095367432,2.1137500405311584,2.6549999713897705,
2022-02-08,1.3300000429153442,1.350000023841858,1.25,1.2799999713897705,77800,0,0,0.0775757558418044,1.3969999969005584,1.602477998621035,1.1915219951800822,1.3550000190734863,1.6150000095367432,2.0737500190734863,2.6234999895095825,
2022-02-09,1.309999942779541,1.4299999475479126,1.2799999713897705,1.4299999475479126,95300,0,0,0.0866666634877524,1.3879999935626983,1.5694957509464151,1.2065042361789815,1.3550000190734863,1.6150000095367432,2.068750023841858,2.620000004768372,
2022-02-10,1.440000057220459,1.52400004863739,1.399999976158142,1.4199999570846558,143300,0,0,0.0860606034596763,1.3804999887943268,1.542435036235529,1.2185649413531243,1.3770000338554382,1.5450000166893003,2.0612500309944157,2.615000009536743,
2022-02-11,1.409999966621399,1.4199999570846558,1.3200000524520874,1.340000033378601,51300,0,0,0.0812121232350669,1.3694999933242795,1.5093238466936607,1.2296761399548988,1.387000024318695,1.4850000143051147,1.997499942779541,2.525000035762787,
2022-02-14,1.309999942779541,1.3359999656677246,1.2599999904632568,1.2799999713897705,70200,0,0,0.0775757558418044,1.355999994277954,1.47366875760207,1.2383312309538383,1.387000024318695,1.477500021457672,1.9709999561309812,2.5000000596046448,
2022-02-15,1.2799999713897705,1.3600000143051147,1.2699999809265137,1.3300000429153442,47500,0,0,0.0806060632069907,1.3514999985694884,1.465835311280726,1.237164685858251,1.387000024318695,1.477500021457672,1.887250006198883,2.5000000596046448,
2022-02-16,1.309999942779541,1.3389999866485596,1.2899999618530271,1.309999942779541,29100,0,0,0.0793939359260329,1.3479999959468842,1.4629217982006764,1.233078193693092,1.387000024318695,1.477500021457672,1.8422499895095823,2.455000042915344,
2022-02-17,1.3200000524520874,1.3259999752044678,1.2000000476837158,1.2200000286102295,147600,0,0,0.0739393956733474,1.34099999666214,1.468641801187215,1.2133581921370649,1.362000048160553,1.4625000357627869,1.8422499895095823,2.455000042915344,
2022-02-18,1.190000057220459,1.2799999713897705,1.1699999570846558,1.25,41359,0,0,0.0757575757575759,1.3324999988079071,1.4606121929514762,1.204387804664338,1.347000002861023,1.399999976158142,1.8422499895095823,2.455000042915344,
